{"train_loss": [0.11786614323045289, 0.0743462006306515, 0.06263253860716714, 0.05616388818530064, 0.05173342349267872, 0.04781368711973702, 0.04462068769352396, 0.04251378437493766, 0.03890480063647531, 0.037326152488464416, 0.03552737985035228, 0.03269897368554463, 0.030707600562932105, 0.028732668556397854, 0.026502789632942756], "val_loss": [0.07370941624045373, 0.060940679907798764, 0.056495220959186555, 0.05460938259959221, 0.05216793969273567, 0.05346021413803101, 0.05109005019068718, 0.05161659993231296, 0.05107132561504841, 0.05066908255219459, 0.05162126451730728, 0.052874474078416826, 0.05350161477923393, 0.053639810904860495, 0.05455757319927215]}