{"train_loss": [0.43982911109924316, 0.36568257212638855, 0.32401299476623535, 0.2764281928539276, 0.2558387517929077], "val_loss": [0.32580235600471497, 0.2789902091026306, 0.2429061233997345, 0.21766524016857147, 0.20218168199062347]}