{"train_loss": [0.29288533329963684, 0.2603793889284134, 0.23313087970018387, 0.213766448199749, 0.19555915892124176], "val_loss": [0.26910117268562317, 0.24125216901302338, 0.21914398670196533, 0.20368748903274536, 0.19230535626411438]}