{"train_loss": [0.38124457001686096, 0.37974101305007935, 0.384196937084198, 0.3749171495437622, 0.36724838614463806], "val_loss": [0.32633423805236816, 0.323239266872406, 0.3201936185359955, 0.3172515034675598, 0.314339280128479]}