{
"train_loss": [
0.07923067931356377,
0.05306498155871916,
0.045349503820501895,
0.04046659906233489,
0.035955448411196966,
0.03257189539141495,
0.028005504814189907
],
"val_loss": [
0.053337715566158295,
0.05252822667360306,
0.05732469066977501,
0.05387458093464374,
0.0582933534681797,
0.0576604300737381,
0.06178524658083916
]
}