{"train_loss": [0.3012719452381134, 0.2812924087047577, 0.267802357673645, 0.2531817853450775, 0.2418137490749359], "val_loss": [0.28288882970809937, 0.26757389307022095, 0.2542041540145874, 0.24202340841293335, 0.23082399368286133]}