{
"train_loss": [
0.1956672595199926,
0.15430199021900165,
0.1419015893057072,
0.13535351709946575,
0.12777028590773737,
0.12171465753676505,
0.11772638646750477,
0.11479802275669641,
0.11099207122399155,
0.10900986417295547,
0.10669393908211638,
0.10360143375296832,
0.1026151650403132,
0.10044468647940864,
0.1000526761375992,
0.0980907253213435,
0.09656626113050477,
0.09547695032627888,
0.09386737892331358,
0.09437131989934591,
0.09259935716094252,
0.09238676370938396,
0.09063796823917154,
0.08963638161147773,
0.08853193907348138,
0.08869238990728416,
0.08795059110199273,
0.08668367656249573,
0.08689246104000001,
0.0863415455268748,
0.0847352114428022,
0.08433181981883901,
0.08462563381847722,
0.08377782334495523,
0.08272889545759675,
0.08307831765636385,
0.0832749115480058,
0.08269616717982559,
0.08300627936614292,
0.08253756342403716,
0.08118261675761398,
0.08153622401826209,
0.08065415019762583,
0.08078892705910033,
0.08049156495978713,
0.07935721545828787,
0.07985143923309929,
0.08034707277014269,
0.07849114338279436,
0.07845645916112308,
0.07789844062241762,
0.07840077010862655,
0.0781888899565076,
0.07765105551930779,
0.07742567102336351,
0.07653705336611365,
0.07754376996828857,
0.07705643050913705,
0.07639038627290859,
0.07632898364486641,
0.07652132750056975,
0.07599627430545551,
0.07616423661482401,
0.07492455517529775,
0.07552410223047827,
0.07524310366651199,
0.07519194658575111,
0.07475570118960055,
0.07494327871326628,
0.07504375383008126,
0.07499120324100862,
0.07459083642789771,
0.07408518258836017,
0.07502942561437298,
0.07417551865124836,
0.0738999524346277,
0.07349015437274672,
0.07321811479896141,
0.07388964334929456,
0.07321279408545467,
0.07361873607645487,
0.07349869423655159,
0.0731188483827607,
0.07313313364316631,
0.07323912597734834,
0.07259525129748456,
0.0732891407051233,
0.07276488230797831,
0.07258492743586029,
0.07303619850947204,
0.07255671502158628,
0.07187347709300132,
0.07264143201475703,
0.07150020798949223,
0.07161348537859304,
0.07108845826051088,
0.0716907159118346,
0.07125729395274344,
0.07106745249316013,
0.07149626572704848
],
"val_loss": [
0.15256815224885942,
0.13689431816339492,
0.1265437948703766,
0.11922634780406952,
0.11321552336215973,
0.10873308211565018,
0.1048505088686943,
0.10140696972608566,
0.09881226748228072,
0.09600197538733482,
0.09373803973197938,
0.0917979496717453,
0.08990585565567016,
0.08850410148501396,
0.08752302780747413,
0.08572829708456993,
0.0849975423514843,
0.08382041320204735,
0.0828458634018898,
0.08215743511915206,
0.08132001399993896,
0.0807240642607212,
0.08056850835680962,
0.07868014559149743,
0.07815557703375817,
0.07787277236580849,
0.07691106751561165,
0.07729610204696655,
0.07611619964241982,
0.0754523953795433,
0.07573794156312942,
0.07453516185283661,
0.07452989608049393,
0.07394134417176247,
0.07416930288076401,
0.07298723831772805,
0.07345190972089767,
0.07273030430078506,
0.07206659719347953,
0.07220097467303276,
0.07191587924957275,
0.07181881129741668,
0.07137663587927819,
0.0716333732008934,
0.07082280710339546,
0.07109019592404366,
0.07079018741846084,
0.07034069329500198,
0.06975021690130234,
0.06960875436663627,
0.06950818195939064,
0.06936392575502395,
0.06878815248608589,
0.06908523678779602,
0.0693049144744873,
0.06913340374827386,
0.06839570671319961,
0.0689472970366478,
0.06850999787449837,
0.06840896353125572,
0.06801048561930656,
0.06768127307295799,
0.06782683789730072,
0.06764704391360282,
0.06831311628222465,
0.06725782558321952,
0.06753895163536072,
0.06721251487731933,
0.06704584330320358,
0.06746692925691605,
0.0670825968682766,
0.06660604029893875,
0.06684095665812492,
0.06658316507935524,
0.06614007353782654,
0.06613377705216408,
0.06668618440628052,
0.06614754632115365,
0.06640804395079612,
0.06558969214558602,
0.06586442664265632,
0.0657229483127594,
0.0655923055112362,
0.06596170365810394,
0.06535024106502534,
0.06525027796626091,
0.06543353229761123,
0.06527591690421104,
0.06516733840107918,
0.06515254065394402,
0.06515804335474967,
0.06483211800456047,
0.06520287588238716,
0.06505048111081123,
0.06519013687968254,
0.06488773316144943,
0.0645475310087204,
0.06471337333321571,
0.06473530545830726,
0.06457540154457092
]
}