{
"train_loss": [
0.09597318798470098,
0.05098712541079721,
0.04015325763205576,
0.03323678954832214,
0.026991851253216494,
0.02238026710601742,
0.017937232240743145,
0.014476655285243549
],
"val_loss": [
0.06086353093385696,
0.049562234878540036,
0.04847692131996155,
0.05043844893574714,
0.05169956676661968,
0.0527876877784729,
0.059418251141905784,
0.06011993393301964
]
}