{
  "train_loss": [
    0.08985805749768318, 0.0390098240882075, 0.029393292380777817,
    0.023938163082172583, 0.0194645295824918, 0.01609154131690134,
    0.013020276348236636, 0.010434927117058684, 0.008447131302009997
  ],
  "val_loss": [
    0.04347183145582676, 0.03532282628118992, 0.034703039713203904,
    0.034389450959861276, 0.03948238544166088, 0.03910744957625866,
    0.0404417659342289, 0.046106331869959834, 0.048985146768391136
  ]
}
